{
    "metrics": {
        "accuracy": 0.7986,
        "precision": 0.7997991967871486,
        "recall": 0.7966,
        "f1_score": 0.7981963927855712,
        "roc_auc": 0.8781414399999999,
        "training_time": 13.106082201004028
    },
    "timestamp": "2026-02-07 13:05:03",
    "model": "Logistic Regression + GloVe",
    "embedding": "GloVe",
    "embedding_dim": 100,
    "glove_path": 