{
    "metrics": {
        "accuracy": 0.8891,
        "precision": 0.8788704965920155,
        "recall": 0.9026,
        "f1_score": 0.8905772076961026,
        "roc_auc": 0.9592153200000001,
        "training_time": 14.22918701171875
    },
    "timestamp": "2026-02-07 23:50:29",
    "model": "BiLSTM + TF-IDF",
    "embedding": "TF-IDF",
    "max_features": 5000
}