{
    "metrics": {
        "accuracy": 0.8944,
        "precision": 0.8877310263468344,
        "recall": 0.903,
        "f1_score": 0.8953004164187983,
        "roc_auc": 0.9605794399999998,
        "training_time": 14.656466007232666
    },
    "model": "BiLSTM",
    "embedding": "TF-IDF",
    "timestamp": "2026-02-07 23:29:23"
}