{
    "model": "GRU",
    "embedding": "Word2Vec",
    "accuracy": 0.8965,
    "precision": 0.8983323287120756,
    "recall": 0.8942,
    "f1_score": 0.8962614012228125,
    "roc_auc": 0.95891846,
    "training_time": 1166.0495986938477
}