{
    "metrics": {
        "accuracy": 0.5504,
        "precision": 0.8433242506811989,
        "recall": 0.1238,
        "f1_score": 0.21590512731077782,
        "roc_auc": 0.69734854,
        "training_time": 136.86129212379456
    },
    "timestamp": "2026-02-08 20:53:20",
    "model": "LSTM + Word2Vec",
    "embedding": "Word2Vec (Skip-gram)",
    "embed_dim": 100,
    "maxlen": 300,
    "lstm_units": 64,
    "w2v_window": 5,
    "w2v_min_count": 2,
    "epochs_trained": 6
}